"@TalktoBPI Hi, why can't I open a new account using a mobile app? Thanks"
@banco_bpi n√£o posso fazer login na app do banco
Queria saber pq o app do bpi n√£o quer abrir
"Algu√©m por aqui com problemas em entrar no BPI, por web ou app?"
"@DenunciaBurlas O BPI sempre que entro na app, tem alertas de seguran√ßa para as tentativas de phishing."
"@banco_bpi Infelizmente uso a vossa app, mas ela precisa dr uma restaura√ß√£o no UI. Estamos no ano 2023 e parece uma app dos anos 2009 com a conjuga√ß√£o de cores horr√≠vel"
@banco_bpi O que √© um multibanco? O que s√£o depend√™ncias banc√°rias? Ponham l√° Criptoactivos e moedas digitais na app pois os PPRs est√£o moribundos
De acordo com a santa da minha m√£e o Mbappe chama-se BPI eu amei
BPI Broker considerada a melhor app de negocia√ß√£o em bolsa recebe pr√©mio internacional
@srprogrammer Gosto muito do Activo Bank e a app do BPI √© uma bosta
o bpi s√≥ pode estar a gozar com a minha cara na app n√£o me deixa fazer transfer√™ncias internacionais no bpi net n√£o me deixa sequer fazer transfer√™ncias caralhos os fodam
@banco_bpi Seu app √© o pior app de banco que eu j√° tive em toda minha vida
#savethedate seance de #dedicace 7 d√©cembre de 15h √† 17h / merci √† la @LibrairieGourmande #livreaddict #lhospitaliteetlementorat / @BPI @AntoineViollette / #Livres #Manifeste #accueil #service #transmission #restaurant #restauration #apprentissage #ecrire #Hospitality
n consigo aceder √† minha app do bpi e preciso de ir atestar o carro‚Ä¶ vou ter de fazer √† moda antiga e ir a uma caixa de mb?
algu√©m com conta no bpi e app no tlm?
A stressar me com a cp e com a app do bpi e nem bilhete consegui comprar
laging may issue BPI app no skskskskkekba
"üëâ Como posso criar um? Atrav√©s da BPI App, do BPI Net, ou da app MBWay."
"@Pndulo @jonasnuts A app do BPI √© igual √†s do mbway. A do cart√£o Universo tb o permite. Neste caso podes criar uma para 30 dias, nas compras online cria por mais tempo pois a devolu√ß√£o do dinheiro √© para o mesmo cart√£o."
"Respect ME √© o 1¬∞ √°lbum de sucessos da rapper, lan√ßado pela Atlantic Records em 4 de setembro de 2006. O disco inclui a cole√ß√£o de singles de todos os 6 √°lbuns, lan√ßados entre 1997 a 2005. Em 2006, foi certificado Ouro pelo BPI, por vender mais de 100 mil c√≥pias no Reino Unido."
dps de abrir a app do bpi
mais um dia que app do BPI est√° em baixo
"A HappyVore, levantou ‚Ç¨35 milh√µes em uma rodada. O investimento foi liderado pela Invus, com participa√ß√µes de Artal e BPI France, bem como os investidores anjos Adrien de Schompr√© e Philippe Cantet. Confira! #veganismo"
"Estou h√° 3 anos a tentar entrar na app do BPI, socorro."
n consigo criar conta na app do bpi nem por nada
"@banco_bpi bloqueado na BPI app por falta de validar dados, embora o app n√£o os aceita depois de atualizados/inseridos. Servi√ßo frustrante e insuficiente. Banco de Portugal para que √© a atualiza√ß√£o de dados? Porque um portugu√™s confirmar a sua nacionalidade?"
o designer da app do bpi estava claramente em √°cidos quando fez isto
"@banco_bpi Bom dia. Nao sou capaz de pagar o IMI da app do banco (vivo na Fran√ßa). A app diz : nao √© possivel agora, espremente mais tarde. √â normal ?"
Que app √© esta bpi ü´£
"@banco_bpi Gostei do exemplo de inclusividade ao deixar algu√©m dalt√≥nico escolher as cores para a nova app. H√° planos para acrescentar alguns temas que sejam remotamente aceit√°veis, ou √© suposto sofrer mais de um ano a olhar para como ela est√°?"
E a app do bpi que agr chama se age
@banco_bpi expliquem-me a atualiza√ß√£o da app
"Pessoal que tem conta no bpi, a vossa app tbm ta diferente ?ü§îü§î Tou h√° nora üôÑ"
Eu imagino a quantidade de dinheiro gasto na ‚Äúnova app‚Äù para depois o resulto ser ESTE. Damn BPI‚Ä¶ que p√©ssimo
"@BrunoFigueiredo A minha app do BPI est√° totalmente funcional. Gosto da app do Santander. Para mim, a melhor √© do Banco Best."
@joaohscosta A app BPI e BPI Net Empresas ‚ò†Ô∏èüòµ
@_analexandra Tive a procura disso das autoriza√ß√µes na App do BPI n√£o encontrei‚Ä¶mas √© poss√≠vel pq eu at√© a uns tempos mexi nisso na app e desde ent√£o √© que tive o atrofio‚Ä¶deve ser isso mm √© s√≥ encontrar agr essas defini√ß√µes mas ta fdd
@banco_bpi Agora j√° est√° OK. Na app sempre consegui aceder (hoje).
Lusa - Business News - Portugal BPI approves ‚Ç¨194M in dividends to CaixaBank
Um medo chamado abrir a bpi app :‚Äô)
"Chega de burocracias e filas. Com o Cr√©dito Habita√ß√£o BPI pode fazer a sua simula√ß√£o na app e receber aprova√ß√£o pr√©via de forma simples, pr√°tica e descomplicada. Saiba mais aqui:"
@banco_bpi Deixar adicionar o cart√£o bpi √† apple wallet. √â o √∫nico que n√£o √© poss√≠vel
"O novo servi√ßo de corretagem online chegou! Apresentamos o BPI Broker. üì± Esta nova app permite negociar em tempo real e enviar ordens de bolsa mais r√°pidas, com cota√ß√µes de mercado em streaming puro e novas ferramentas de an√°lise. Saiba tudo aqui:"
"‚ÄúAh e tal, web3 e o camandro‚Ä¶‚Äù A app do BPI neste momento (e quase sempre). ü§∑üèª‚Äç‚ôÇÔ∏è"
Algu√©m que tenha BPI app que me diga se consegue entrar ou n√£o pfvvv
@banco_bpi Eu quero e saber quando metem o cart√£o a dar com o applepay
"@PJFDF @nosuchuser Eu nos pagamentos online j√° recebo na app do BPI, mas o resto feito no homebanking √© tudo SMS. E √© relativamente f√°cil roubar um n√∫mero a algu√©m."
@banco_bpi O suporte ao apple pay √© que ainda √© uma miragem‚Ä¶
"@banco_bpi O que me facilitava o dia a dia era se deixassem de cobrar comiss√µes e taxas de manuten√ß√£o abusivas, n√£o uma app."
"@banco_bpi Boas noticias.. mal s√≥ mesmo o bpi ser o √∫nico banco portugu√™s a nao oferecer apple pay nos seus servi√ßos, apenas para o cart√£o gold ?!? üò©"
@banco_bpi O BPI nao vai receber prenda no sapatinho... diz que vem a√≠ o apple pay h√° mais de um ano e nadaaaaaa
"@banco_bpi √â poss√≠vel quem tem cart√£o Premio e n√£o tem conta no BPI registar-se pela APP? √â que que descontinuaram o acesso online ao cart√£o, d√£o a indica√ß√£o para aceder pela app, mas d√° sempre sess√£o expirada, ou √© obrigat√≥rio ter conta? #BPIPREMIO"
Down po ba bpi app niyo? Ksksksjsjs
"@JoanaLunetS Pois, toda gente me diz bem do Millenium. Eu sou BPI e estou farto daquela app horr√≠vel"
"Mais algu√©m √© bpi? O meu mbway n√£o funciona na app h√° 2 dias, wtf?"
@sappeurmajor @AU_de @bmsgpk @BPI_Pharma Daddy DeVito
@banco_bpi Quando estar√° dispon√≠vel a compra de a√ß√µes pela app? Bom dia.
@banco_bpi App... mas bom seria incluirem apple pay
"gostava que a app do bpi funcionasse, tenho mesmo de ver uma coisa"
"@banco_bpi isso era se conseguisse usar o cart√£o porque nem o vosso site funciona, quanto mais a app para aprovar o uso do cart√£o. E tudo isto por um servi√ßo pago..."
@banco_bpi Tema j√° entretanto endere√ßado com v√°rios canais do banco. A app esteve em baixo e com problemas. Work around que me foi sugerido em situa√ß√µes futuras foi criar cart√µes mbnet.
"@SergioSilvestre @banco_bpi Vai √† app, cancela a ades√£o e adere novamente. Pode ser que resolva!"
@nmfernandes70 @banco_bpi √â preciso ir √† app aprovar cada pagamento. O problema √© que a app n√£o te gera notifica√ß√µes e n√£o consegues aprovar no PC nem na linha de atendimento. √â efectivamente um problema da app mas que n√£o tem work around por mais nenhum canal.
@SergioSilvestre @banco_bpi Tb eu mas tive de ir a app ativar novamente.
@SergioSilvestre @banco_bpi Tens que ir √† app BPI ativar o 3D Secure.
"@BrunoFigueiredo Quando voltei a Portugal voltei ao BPI (onde tinha conta antes e onde o meu pai tamb√©m tem conta h√° d√©cadas). N√£o estou nada impressionado com o servi√ßo bem com as apps e site deles! Pra mim a vantagem √© acesso direto a um gestor de conta, mas nem recorro muito a isso‚Ä¶ üò¨üôà"
@banco_bpi Bom dia querido banco. Para quando apple pay nos cartoes bpi ?
"@Syrah___ Deixei de usar a app. Passei a usar o mbway dentro da app do BPI, para n√£o pagar comich√µes... Mas mais tarde ou mais cedo todos v√£o cobrar"
@EscrivaV Que s‚Äôappelerio BPI France ?????
"Perdeu o #keynote do #sapphirenow? N√£o tem problemas, ainda da pra assistir. Muito interessante a discuss√£o de #BPI diga-se de passagem"
"Voc√™s @banco_bpi sabem que isto das notifica√ß√µes 3DSecure via a vossa app ... n√£o funciona, certo? Ou √© apenas comigo?"
Validar opera√ß√µes de compras via Internet utilizando cart√µes de cr√©dito emitidos pelo @banco_bpi √© uma aventura! N√£o funciona a porcaria da app! O BPI j√° foi um banco!
"O BPI lan√ßou a app BPI Broker, uma app que permite gerir o vosso portef√≥lio de ac√ß√µes."
"Ena, nova vers√£o da app do BPI net empresas. O menu est√° √≥ptimo."
"@banco_bpi Na app do diz ‚Äúo futuro √© agora ‚Äú pois bem, onde est√° Apple Pay??"
@rmxbIackbear @happyyouare bpi (belo p√™nis irm√£o)
Nao percebo porque √© que a app do Bpi nao est√° a dar
@catiaf0nseca Se eu vou criar uma p√°gina para a app do BPI estar isolada? Sim vou
"Entao no meu tele a app da netflix est√° ao p√© da do BPI, e acho uma falta de respeito eu querer passar um bom bocado e acabar a relembrar me que tenho dinheiro para copos de pl√°stico mas n√£o para a bebida para p√¥r neles mas ok"
@afivoid Porra e aquela merda que eles mostram o dinheiro que entrou e o que saiu üò≠ n√£o bpi n√£o quero ver tristezas assim que abro a app
Mano a app do BPI t√° numa categoria diferente... Aquilo √© God level homebanking
@tirotiroteio @multibanco Experimenta mete no Google. Aconteceu-me o mesmo com app do BPI e era phishing
@banco_bpi Pergunto-me se experimentaram a app web.. sem falar da app mobile para empresas.. ü§î
Caralho da app do BPI n√£o me deixa usar mbway quando mais preciso
A cada dia que Bro a app do BPI o n√∫mero que est√° l√° aumenta ü§© isto sim √© lindo
@PLAYTAXl eu tenho pela app do bpi üò≠ consigo fazer tudo mas ningu√©m me consegue mandar
vai fazer 1 ano dia 11 que abri conta no banco passei este tempo todo a tentar ter mbway pela app mas dava sempre erro at√© descobrir (HOJE) que existe um separador na app do bpi com as fun√ß√µes do mbway
Estou sempre a confundir a app do BPI com o Soundcloud
"@EsquerdaPetinga @LiberalPT Ainda bem que isso foi aprovado, mas entendo s√≥ votos contra, o MB WAY tem de ser sustentado de alguma maneira n√£o apareceu do c√©u. E se n√£o quiserem pagar usem as apps dos bancos (bpi e cgd por exemplo) que t√™m mbway integrado e sem taxas"
"Nicki Minaj tem agora 16,6 milh√µes de unidades certificadas pelo BPI em √°lbuns, singles e recursos. - Atualmente ela √© a rapper feminina com as unidades mais certificadas no Reino Unido! üá¨üáß #NickiMinaj"
"@lourencx @forumpandlr 4 vezes indicada ao Grammy, terceira rapper mais seguida do YouTube, m√∫ltiplos certificados pela RIAA, ARIA e BPI. Vendas mundiais acima dos 40 milh√µes de c√≥pias, 3 Top #10 Hot 100, incluindo o #1 por 7 semanas consecutivas.E recordes na Hot 100. Anitta: MC da empresa J Balvin."
"@kimlipstar Sfptro! Bpi idst qts gsxrt gtsxrd frvpfogovsfsd. Queria s√≥ deixar uma coisa interessante, descidir usar o idioma xeileles no Google pra pesquisar nomes de aplicativos. Exemplos: YouTube ‚Ä¢‚Ä¢‚Ä¢‚Ä¢&gt; UpiYinr Facebook ‚Ä¢‚Ä¢‚Ä¢‚Ä¢&gt; Gsvrnppl Pior, deu certo, realmente apareceu os apps."
Acabei de descobrir uma funcionalidade da app do BPI e estou chocada com o dinheiro que gastei em roupa e acess√≥rios em 2019
"Da saga coisas que s√≥ me acontecem a mim, o bpi decidiu cancelar a minha ades√£o pela app, √© de frisar que n√£o fiz rigorosamente nada"
Algu√©m tem app BPI no tel? Kinda need help
@banco_bpi A vossa app no android nao esta a funcionar
ent√£o do nada o bpi decidiu que j√° n√£o pago taxa pela app do mbway? love that for me
"@dvsk80 @banco_bpi Mas a app j√° funciona impec√°vel, p√°! üôÇ"
@12Landim O √∫nico problema que vi foi na app do BPI que durante um dia n√£o mostrava o extrato do cart√£o de cr√©dito. De resto tudo bem.
Queria s√≥ dizer que a app do BPI est√° impec√°vel.
"@ruimoura Os meus BCP, BPI e CGD todos come√ßaram a cobrar e eu apaguei a app."
@jybtcsn Sa bpi mobile app sksks
"algu√©m sabe como √©q eu posso carregar o cart√£o pelo telem√≥vel? a app bpi n√£o est√° a dar, o my Vodafone tamb√©m n√£o!! precisava mesmo de ajuda :/"
"@partiick_ @ricardodf2501 Tens que usar a app da BPI mm, la eles tem op√ß√£o para mbway"
"@andrefmont eu mandei vir porque me foi prometido que era mais seguro, porque eu grande parte das coisas tipo consultas e afins eu consigo ver na app do BPI, j√°, √© mais para poder meter l√° o ‚Ç¨ que eu quiser e poder bloquear caso o perca"
"@vesuviusnasby @LiberalLx @LiberalPT O BPI s√≥ cobra se for pela app mbway, se for pela app deles √© gr√°tis"
@DiogoUmbelino @brazgang Essas taxas s√£o para a utiliza√ß√£o usando a app MBWay. Mas ela disse que usou a app do BPI e nessa n√£o pagas taxa.
"@banco_bpi precisa melhorar e muito a qualidade dos sistemas, fins de semana e essa lentid√£o, nem o app e nem o webbank a funcionar."
"@pauloferreira1 S√≥ uso Mbway na app do BPI que n√£o cobra nada, o Mbway via SIBS perdeua cabe√ßa e a vergonha."
"@tomahock @VodafonePT N√£o percebo nada disto, e pe√ßo j√° desculpa por me meter üòû Mas aproveito pra perguntar a raz√£o de ser dos bloqueios e se o q est√£o a falar (e q mais uma vez, n√£o entendo) justifica pq em casa de uma pessoa amiga (Wi-Fi Vodafone) n√£o consigo aceder ao BPI, nem browser nem app"
@banco_bpi o que √© que se passa com a app/site?
Realize os seus projetos com as Solu√ß√µes de Cr√©dito Pessoal BPI. Veja como pode faz√™-lo atrav√©s da BPI App em #BPIFamily #asuavidamaisappy
@joaodamialves @RevolutApp Tamb√©m sou BPI. N√£o sabia isso. Est√°s a falar nas transfer√™ncias n√©? Para levantar dinheiro uso a app MBWay e nunca me cobraram.
"@banco_bpi @SaraSampaio Not so ""appy"" com essa aplica√ß√£o que n√£o abre ou carrega hoje......"
"HAHAHAHAHAHA ""BPI, a sua vida mais happy"" Que shit HAHAHAHHA"
"entretanto, o bpi lan√ßou uma app chamando-lhe - wait for it - 'appy"
@SaraSampaio Appy com o BPI. #bpifamily #asuavidamaisappy Saiba mais em
"Fuck my life Fui depositar ‚Ç¨‚Ç¨ no BPI de alcoit√£o e a merda da m√°quina disse que n√£o era poss√≠vel fazer o dep√≥sito e que n√£o me ia devolver as notas! N√£o me podem ajudar e tenho de ir ao balc√£o amanh√£. Quando eu entro √†s 7, saio √†s 16 e estou em Lisboa Happy new ficking year"
"@rguilhermea Deixando de lado o Revolut, a app do BPI faz o que a do MBWay faz de maneira igualmente acess√≠vel, igual ou mais r√°pido. √â menos um √≠cone que tenho no telem√≥vel."
"@atmcarmo A app do BPI √© excelente e permite fazer a gest√£o de despesas, incluindo editar, dividir em parcelas e at√© excluir determinado movimento. a integra√ß√£o com o mbway tb nao est√° m√°. das melhores apps bancarias q j√° vi em pt."
Dica para a app mobile BPI Net Empresas do @banco_bpi : ter possibilidade de ler os c√≥digos de barras dos documentos de pagamentos ao estado.
@fcondemartins @pedroboucherie @Activo_Bank @RevolutApp @banco_bpi Eu acrescentaria a app do banco CTT. Excelente.
"Top das melhores exist√™ncias digitais (site, app, etc) de banca que j√° provei. N√∫mero 1 (destacado) - @Activo_Bank N√∫mero 2 - @RevolutApp N√∫mero 3 - @banco_bpi N√∫mero 4 - Caixa G Dep√≥sitos N√∫mero 5 - o p√©ssimo Santander Totta"
@danielsatann Sad :/ eu hoje ouvi as palavras ‚Äúapple pay‚Äù e ‚Äúbpi‚Äù e pensei logo que ja teria ou que estava pr√≥ximo de acontecer... J√° ontem era tarde @banco_bpi !
O apple pay j√° tem suporte a cart√µes bpi?
"@martim @banco_bpi Eu n√£o. Sou um cliente satisfeito, mas s√£o um bocado b√°sicos na web/apps e hoje nada funciona."
"@goblindegook @banco_bpi Na app para particulares j√° est√° melhor, consegues ter alguns segundos antes dela morrer. Quero acreditar que foi pela press√£o que andei meses a fazer. Na app de empresas continuamos na mesma. Refor√ßo: andar com cart√£o coordenadas para usar numa app mobile √© rid√≠culo e inseguro."
"@goblindegook @banco_bpi Desde que me deixem sair da app e voltar a entrar e o token, coordenada, whatever, ainda for o mesmo. Porque sen√£o tb n√£o interessa."
"@goblindegook @banco_bpi Mas tamb√©m n√£o √© seguro um gajo andar com o cart√£o de coordenadas no bolso, que √© o que tens de fazer no caso de uma app mobile. Eu tenho o cart√£o todo dentro de um ficheiro keypass, devidamente protegido, mas quando mudo de app para consultar a coordenada a app bpi morre."
@aciddrill @overdosingxo eu nunca pago na app bpi n√£o sei qual o stress deles
"@diogolamfig @danielolivalx N√£o! Existe a op√ß√£o de fazer transfer√™ncias MBWay na app dos bancos. Refiro-me, por ex, ao Santander, ao Activobank, BPI e, neste caso, √† CGD"
@paulavarela @Gouveia O BPI n√£o cobra se usares o MBway dentro app do BPI
"@ostruques A palavra ""gigantesco"" √© desnecess√°ria e cria ju√≠zo sobre a CGD, qdo n√£o √© o banco q cobra mais comiss√µes, para al√©m de que isenta comiss√µes na app. Activobank (1,50‚Ç¨), Millennium BCP (1,20‚Ç¨), BPI (1,20‚Ç¨), CGD (0,884‚Ç¨), Montepio (0,20‚Ç¨) e Novo Banco (0,15‚Ç¨)"
"@carlos_jb_paz S√≥ para acarescentar uma vis√£o diferente. No caso do meu banco (BPI), a app do banco funciona t√£o bem ou melhor do que a do MB Way, para transferir ou levantar sem cart√£o, usando o sistema da MB Way. Portanto, at√© ver, para mim foi uma vantagem, nunca mais abri a app da MB Way."
"@Gouveia BPI, usando MBway no site ou app pr√≥pria, nada √© cobrado."
"@pereiraines87 @troublemaker_86 No site, na app... Tenta. Eu s√≥ tenho mesmo o do bpi"
@pereiraines87 @troublemaker_86 O bpi por exemplo na aplica√ß√£o deles n√£o se paga qualquer taxa. Eu fa√ßo muitos pagamentos por l√°. E tem integrado mbway na app deles
Apartir do momento em q desinstalei o meu unico jogo do telefone para instalar a app do BPI √© q me apercebi q estou a ficar velha :/
"FB: A quantidade de clientes que j√° usam as apps m√≥veis banc√°rias √© cada vez maior. Dos clientes que usam MBWay, 80% fazem-no dentro da app do BPI. Trazemos os touch points com o cliente para dentro da nossa apps #apdc"
"pensei que a minha app do BPI tivesse bogada quando a abri e tinha l√° mais ‚Ç¨ do que o que tinha visto ontem √† noite, afinal a minha m√£e transferiu AHAHAH"
@josefreitas @banco_bpi Eles j√° avisaram que v√£o passar a usar o sms como fazem na app para clientes particulares mas as coordenadas v√£o-se manter em algumas opera√ß√µes em simult√¢neo com o sms.
"Em 2019 a app iOS empresas do @banco_bpi continua a n√£o permitir mudar de app por alguns segundos para consultar a coordenada, que tenho guardada numa app segura, tornando-se assim completamente in√∫til como app mobile. E n√£o, ningu√©m deve andar com o cart√£o de coordenadas atr√°s."
@criszvieira @NayukiDani Se usares atrav√©s da app do BPI acho que n√£o pagas taxas
"Abrir a app do BPI e perceber que t√™m uma r√©plica da ta√ßa de campe√£o do SLB, ""numerada em 103 exemplares (n¬∞ equivalente de golos marcados na √©poca da reconquista)"" e ""poema de Lu√≠s de Cam√µes inscrito na lateral da ta√ßa"" fez-me ter vontade de vomitar... ... E de mudar de banco."
BPI e BCP cobram por transfer√™ncias via app MBWAY e dizem estar satisfeitos
"BPI e BCP cobram por transfer√™ncias via app MBWAY e dizem estar satisfeitos Como √© do conhecimento p√∫blico, o BPI foi o primeiro banco a anunciar que iria come√ßar a cobrar taxas relativamente ao MBWAY. Seguiu-se o BCP, cujos pre√ßos n√£o s√£o nada simp√°tico‚Ä¶"
BPI e BCP cobram por transfer√™ncias via app MBWAY e dizem estar satisfeitos
"New post: ""BPI e BCP cobram por transfer√™ncias via app MBWAY e dizem estar satisfeitos"" Como √© do conhecimento p√∫blico, o BPI foi o primeiro banco a anunciar que iria come√ßar a cobrar taxas relativamente ao MBWAY. Seguiu-se o BCP, cujos pre√ßos n√£o s√£o na‚Ä¶"
BPI e BCP cobram por transfer√™ncias via app MBWAY e dizem estar satisfeitos
@misslazarou @HellyCrz O BPI n√£o cobra se usares o MB Way na app e a CGD vai passar a cobrar em Dezembro.
"@vanessaacsp O meu √© millennium, tamb√©m tem mb way na app tenho de experimentar (mas acho que se paga) acho que o bpi era o √∫nico que n√£o ia ter taxas"
"@anafmreis13 Tenho BPI e tb cobra. A solu√ß√£o foi instalar a app deles e usar o mbway gratuito dentro da app, que no fundo √© o que eles querem"
"@crimoura @walternatez @santanderpt Parece ser igual ao @banco_bpi N√£o cobram desde que se use a app do pr√≥prio banco, mas que pelo menos no caso do BPI acho que nem todas as funcionalidades est√£o implementadas como algu√©m pedir-nos dinheiro e pagarmos depois de clicar na notifica√ß√£o."
@fcondemartins Sou BPI e tamb√©m posso usar o servi√ßo MB Way dentro da app do banco. J√° h√° algum tempo.
@PensadorZarolho @tomahock A app do BPI j√° est√° funcional.
Bancos que podem estar na situa√ß√£o de verem as suas apps a deixar de funcionar √Äs 12:00 de hoje: Cr√©dito Agricola BPI Caixa Geral de Depositos Banco CTT Uni Banco
@banco_bpi Deixem l√° isso... #applepay
@deluqxe Era bpi app.... app do banco Kkkkkkkk
"@LilianaValente @inconseguir @banco_bpi ahh h√° uma app mb way ""dentro"" da app do banco? jezzzus... ainda bem que nunca soube dessa complica√ß√£o. a ignor√¢ncia √© mesmo uma ben√ß√£o :D"
@larguesa @inconseguir @banco_bpi ? Nunca usaste a app mbway dentro da app do BCP? n√£o te percebi. N√£o aderi a nada disso que dizes e uso na boa (se calhar sou prestige e n√£o sei lol)
"@LilianaValente @inconseguir Certo, mas essas j√° s√£o apps a trabalhar ""√† mbway"". No BPI at√© lhe chamam transf mbway - penso que trabalha em cima da plataforma da mbway. Mas antes n√£o era assim."
"@inconseguir @banco_bpi ahahah n√£o aposto nessas coisas. Mas enquanto for gratuito nas apps dos bancos, eu usu-as BUAHAHAHHAHAHA"
"@inconseguir @banco_bpi O objectivo deles √© cativarem os clientes para as app dos pp bancos. Por enquanto √© gratuito na maioria. Esperemos que continuem. Eu nunca tive a app mbway, usei sempre a doa bancos"
@BerlokeGomes Sim e verdade o BPI j√° cobra Se for pela app deles n√£o
@goncalocvale @iwearagasmask Se usares a fun√ß√£o mbway da app de homebanking do bpi n√£o pagas.
@pfl1976 foi o que disse: se for pela app bpi n√£o paga comiss√µes.
@pfl1976 o bpi mant√©m a gratuitidade do mb way desde que o cliente use a app deles.
"@banco_bpi @insoniascarvao @banco_bpi qual √© a raz√£o para maltratar os vossos clientes? O MB Way √© uma aplica√ß√£o bem desenhada, leve e funcional. Est√£o a tentar a canalizar as pessoas para a vossa app por alguma raz√£o? Talvez para a loja? Nunca comprei l√° nada e definitivamente n√£o vai acontecer no futuro."
"PSA para quem tem BPI e n√£o quer pagar 1,25‚Ç¨ de comiss√£o para usar MBWAY As transfer√™ncias MBWAY s√£o gratuitas se utilizarem a app!! Eles s√≥ meteram comiss√£o para mais pessoas utilizarem a BPI app."
Caralho a s√©rio que o BPI cobra a merda das transfer√™ncias MB Way que n s√£o feitas na app deles? Tou farta de bancos vampiros da merda j√° n basta mudarem as condi√ß√µes da conta absolutamente do nada teem sempre que ir sugar dinheiro a algum lado morram
@banco_bpi Com tanto dinheiro que geraram mo √∫ltimo ano ainda s√£o os primeiros a cubrar taxas no MBWay e ainda t√™m a lata de dizer que √© apenas por erro dos users por n√£o usarem a vossa app... Muito triste
BPI vai cobrar as transfer√™ncias MB Way que n√£o forem feitas com a app do BPI
"A app do bpi n√£o est√° a dar, deve ser pra eu n√£o me assustar com oe estragos que fiz hoje"
"Vergonha para a banca Portuguesa, foi preciso a @n26 para que o #ApplePay chegue a Portugal üáµüáπ @apple Pay vai estar dispon√≠vel na N26. Caixa, BCP, Novo Banco, BPI, Best."
"@brunoamaral @Activo_Bank BPI. A app √© excelente, especialmente no que toca a pagamentos e transfer√™ncias."
@brunoamaral @Activo_Bank Tenho BEST e BPI. A app do Best faz jus ao seu nome :)
@cappellettilex @BPI_ICB Complimenti per il prestigioso risultato conseguito
Como √© bom chegar a casa abrir a app do bpi e estar cheio da money
@Mbento00 A app do BPI faz tudo o que o MBWAY faz e de forma intuitiva. A do Millenium tamb√©m n√£o √© m√°. O MBWAY √© apenas mais popular. N√£o √© por a√≠.
@ManuelReis @banco_bpi @inconseguir E ainda agora andei pela app do BPI n√£o encontrei como fazer transfer√™ncia atrav√©s dos contactos apenas transfer√™ncias banc√°rias puras e duras. O BPI a tentar fazer damage control mas quer-me parecer que acham que as pessoas s√£o estupidas
@ZiggyPoPz @banco_bpi @inconseguir Kind of sort of. √â uma transfer√™ncia via n√∫mero de telem√≥vel numa app de terceiros.
"@ManuelReis @banco_bpi @inconseguir Mas isso √© uma transfer√™ncia banc√°ria normal como antes mesmo com a app, certo?"
"@banco_bpi @ManuelReis @inconseguir Ganda confus√£o! A ver se percebi bem, se fizer uma transfer√™ncia por MBway esta s√≥ ser√° gratuita se tiver a BPI app?"
"@Wonderm00n @banco_bpi @pplware bem, pelo menos aprendi que podia fazer transferencias mb way pela app. Nunca tinha reparado :-)"
@banco_bpi voc√™s n√£o precisam de meter taxas no mbway para os vossos clientes usarem a vossa app. Fa√ßam uma app/site que se adeque aos dias de hoje. Se n√£o sabem do que √© que estou a falar copiem o @n26
BPI n√£o cobra pelo MB Way - se usado na sua app
"@inconseguir @banco_bpi Deixa-me l√° ver se percebi: Os clientes MBWay do BPI t√™m de instalar a app do BPI para fazerem transfer√™ncias sem pagarem? √â isso? Ou seja, o MB Way √© a estrada com portagem e a app do BPI √© a estrada mais longa, mas sem portagem?"
@Wonderm00n @banco_bpi @insoniascarvao Porqu√™ BPI? Essas transfer√™ncias feitas na app do MBWAY t√™m algum custo para voc√™s?
"@tmsousasantos Parece uma forma simples de agilizar a experi√™ncia do utilizador, mas acho que vai ter o efeito contr√°rio. Nunca utilizei a app do BPI, mas acredito que a aplica√ß√£o do MB Way seja superior em todos os campos."
"Segundo consta nestas not√≠cias a dizer que o BPI vai subir os custos das transfer√™ncias atrav√©s do mbway, todos os outros bancos √† excep√ß√£o do Santander j√° cobram taxas pra transferir dinheiro atrav√©s da app. EU PENSAVA QUE N√ÉO SE PAGAVA (????!!?!?!?!?!!!??????)"
a melhor app que tenho no telemovel √© a do BPI
Hoje vou a Serralves ver a exposi√ß√£o do Robert Mapplethorpe. Obrigado @banco_bpi por ser mecenas desta institui√ß√£o e por permitir os clientes ter acesso gratuito √† mesma.
"fui instalar a app do BPI e durante meio segundo o slogan dizia ""O meu Banco sempre comigo"" mas dps o meu tlmv lembrou-se que eu tenho o sistema todo em ingl√™s e ficou tp ""ai pera mY BaNk aLWaYs wIth mE"" cona"
"@tvi @tvi24 sobre esta noticia, dizer que n√£o temos acesso, nem online, nem a app, nem mesmo no balc√£o, fui fazer dep√≥sitos da empresa e tamb√©m est√£o sem sistema desde manha. Clientes do BPI est√£o sem acesso aos servi√ßos online do banco via @tvi24"
"Bem parece que o @banco_bpi tirou o dia. Nem site, nem app.. at√© tenho medo de tentar usar o cart√£o.. Ao menos agora j√° mostra em vez do 404 de abocado.. #fail #Parece1990 #DeveTerEntupidoComAsNovasTaxasQueCobra"
"A app do BPI tamb√©m √© um atraso de vida, quando preciso dela √© que decide n√£o funcionar"
Momento dos pitch das equipas finalistas que apresentam as solu√ß√µes e #apps com vista a responder aos desafios da #IdeationWeekforOpenBanking @BancoBpi @FabricaStartups #BPI #NOS #FabricadeStartups #BancoBPI #DesignThinking #Transforma√ß√£oDigital #IA #MachineLearning @fbarbeira
"J√° conhece Robert Mapplethorpe? At√© 6 de janeiro, em #serralves #mapplethorpe #selfportrait O Banco BPI √© Mecenas Exclusivo da Exposi√ß√£o e do Museu."
"@pedromamede isso √© o que prop√µe e oferece o MBway. certo? entretanto o banco, diz-me para instalar, o, vamos imaginar, BPI way app. what's the point?"
"Decorreu ontem em #Serralves uma visita orientada em L√≠ngua Gestual Portuguesa √† exposi√ß√£o ""Robert Mapplethorpe: Pictures"". O Banco BPI √© Mecenas Exclusivo da Exposi√ß√£o e do Museu."
"Decorreu ontem em #Serralves a conversa na exposi√ß√£o ""Robert Mapplethorpe: Pictures"" com os artistas Jack Walls e Andr√© Pr√≠ncipe. O Banco BPI √© Mecenas Exclusivo da exposi√ß√£o e do Museu."
@Marques_Era @happiness1906 Por acaso um empregado de mesa c√° de baixo √© igualzinho tb @edmapi o que trabalhava por baixo do bpi
"Conversa na exposi√ß√£o ""Robert Mapplethorpe: Pictures"" com os artistas Jack Walls e Andr√© Pr√≠ncipe. A 20 de setembro √†s 17h00 em #Serralves. Mais informa√ß√£o em: O Banco BPI √© Mecenas Exclusivo da Exposi√ß√£o e do Museu."
"Decorreu ontem em #Serralves a visita orientada √† exposi√ß√£o ""Robert Mapplethorpe: Pictures"". #RobertMapplethorpe O Banco BPI √© Mecenas Exclusivo da Exposi√ß√£o e do Museu."
"Visita orientada √† exposi√ß√£o ""Robert Mapplethorpe: Pictures"" - 7 de outubro √†s 12h00 em #Serralves. Mais informa√ß√£o em: #RobertMapplethorpe O Banco BPI √© Mecenas Exclusivo da Exposi√ß√£o e do Museu."
Decorreu ontem em #Serralves uma visita orientada √† exposi√ß√£o Robert Mapplethorpe: Pictures. #RobertMapplethorpe O Banco BPI √© Mecenas Exclusivo da Exposi√ß√£o e do Museu. A Funda√ß√£o Galp √© parceira no desenvolvimento das atividades do Servi√ßo Educativo.
Visita guiada Serralves üî™ Dia 22 de setembro √†s 11h30. Mais informa√ß√£o em: #Serralves #RobertMapplethorpe #bpi #fundacaogalp @CNTDOTS #CNTDOTS
"Pr√≥ximo de: BPI, Rua do Campo Alegre, Vilar, Massarelos, Lordelo do Ouro e Massarelos, PRT, Porto [marcado no Mapa da app RADARES de Portugal]"
"@oconguito Acho que n√£o d√°, pelo menos que eu saiba. Costumo carregar no telem√≥vel atrav√©s da app do bpi"
"@banco_bpi @castroalves Continua em baixo. Tambem nao consigo aceder ao BPINET, nem via app nem via browser."
"Francisco Barbeira, Banco BPI: o setor banc√°rio √© composto por um ecossistema complexo com v√°rias pe√ßas. Cliente n√£o sente mas em todas as situa√ß√µes est√° a ir ao banco, com uma app, com um acesso online #apdc"
"Eu acabei de pagar uma cena atrav√©s da app do BPI, s√≥ que precisava do comprovativo mas sem querer saltei essa parte. Agora preciso de enviar o comprovativo como paguei e n√£o o tenho!!!!"
@Mbento00 Deves estar a confundir com o antigo. O novo site e app do BPI s√£o fant√°sticos. Fa√ßo tudo l√°
BEST BCAA BPI SPORTS AMINO√ÅCIDOS RAMIFICADOS 0998567445 whatsapp P√©ptidos de Amino√°cidos‚Ä¶
@MartaMendao A√≠ o BPI n√£o me dizia o que gastava na app. Ligar-me-iam a dizer INVISTA EM N√ìS!
"recebi um sms da dges a dizer que foi efetuada transfer√™ncia da bolsa, fui a app do bpi e fodasse tenho saldo negativo"
@fbarbeira o #cliente hoje dirige ao @banco_bpi 1x/dia. #MobileBanking #apps #Mobility #Bancobpi #idcdirections2017
"BPI: ""J√° se come√ßa a dizer que as apps n√£o v√£o ser o futuro"" #IDCDirections2017"
n posso tirar screenshot mas a app do bpi tem uma nossa sra. squinting at u sempre que abres... mood
"#bpi net √© a pior webapp de home banking do pa√≠s.. se calhar do mundo.. cheio d bugs, e leeeenta.. parece q estou a ouvir o meu antigo modem"
"sinto-me mesmo adulta agora que tenho a app da bpi, mb way e paypal, R E S P O N S A B I L I D A D E"
@carlosefonseca Consegues ir ao 1Pass e voltar √† app BPI sem que ela morra?
"J√° permitir na app iOS ir buscar as coordenadas do cart√£o matriz a outra app segura, n√£o d√°. Tem de se andar com o cart√£o no bolso. #BPI"
BEST BCAA BPI SPORTS AMINO√ÅCIDOS RAMIFICADOS 0998567445 whatsapp P√©ptidos de Amino√°cidos‚Ä¶
"@banco_bpi mores, vamos atualizar o app para iOS 11 beta 4... porque n√£o est√° funcionando! Thanks"
.@Affluences_App @Bpi_Pompidou @laBnF @MuzeoNum @CLICfrance @MuseeLouvre @RolandAntoine @AffluencesApp_G @Matthias_Aff @MuseeOrsay @bibCanopee @AskMonaParis @IletaitParis @parismusees @MinistereCC @CreartUp @chaineREG_art @cultureveille @CulturezVous @culturecomblog @Histovery @domainechambord @Artips_fr @GuestViews @_smArtapps_ propose des applications guide de visite ‚û° √Ä tester: @Le_Museum / @LaTourEiffel üëâ
BEST BCAA BPI SPORTS AMINO√ÅCIDOS RAMIFICADOS 0998567445 whatsapp P√©ptidos de Amino√°cidos‚Ä¶
"So me inscrevi numa app do bpi e posso ganhar um iphone 6s, deus lembra-te de todas as coisas boas que fiz"
Fdc crlh tentei 2 dias aceder a merda do bpi app nnc me aceitou o c√≥digo agr chego tento e aceita e j√° carreguei o m√≥vel fdp levantei-me da
@happiness1906 se ele tiver investido tudo em ac√ß√µes do BPI antes de ir para a CGD? Sei l√° o que vai para l√° fazer
Lusa - Business News - Portugal ECB approves Caixabank bid for BPI bank
BPI fazer cappuccino que eu ganho mais
Emilia #natural #bpi #appbreeze #excercise #crew #igersportugal
BPI lan√ßou app ‚ÄúAqui Portugal‚Äù -
Ultima Novidade (BPI lan√ßou app ‚ÄúAqui Portugal‚Äù) Veja mais no nosso site:
BPI cria app para portugueses que vivem no estrangeiro
BPI cria app para portugueses que vivem no estrangeiro: O BPI lan√ßou a aplica√ß√£o Aqui Portugal dirigida aos p...
#Repost @marce_fitness722 with @repostapp. „Éª„Éª„Éª Mas que empoderada con mis suplementos de #bpi !!!! ÛæîäÛæ≠öÛæ≠öÛæ≠ûüèªÛæì∂üèã...
"#Repost @ir_fitness_shop with @repostapp. „Éª„Éª„Éª Para os f√£s da #bpi acabamos de receber a #wheyhd , corram antes..."
#Repost @fdc_almacenes with @repostapp. „Éª„Éª„Éª A-HD ELITE 500mg de BPI. Potencia tus niveles de testosterona de...
Happydemics - BPI Narciso - Seu perfume e voc√™‚Ä¶
"@cappucinoenatas eu sou desde sexta-feira, tamb√©m sou BPI üòÇ"
#Repost suplementosyvariedadesmonteria with repostapp „Éª„Éª„Éª ISO HD de BPI ISO 100% prote√≠na de suero‚Ä¶
"Com √≠cone e imagens muito semelhantes ao seu irm√£o portugu√™s, o app do BPI, o BFA lan√ßa o seu aplicativo que..."
Algu√©m tem a app do BPI? Queria saber se √© de confian√ßa
Quibertos! üëåüèº #vsco #vscocam #vscoph #Happiness #TYL #BPI #Quibertos #FoodTrip #ItsFriday‚Ä¶
BPI Escudo 2015: #makethebesthappen
EU approves CaixaBank bid to take over Portugal's Banco BPI ($)
Pelo segundo dia n√£o consigo submeter a minha declara√ß√£o de IRS porque o BPI enganou se nos dados que mandou √† autoridade tribut√°ria. Happy!
√â quase imposs√≠vel fazer uma transa√ß√£o na app BPI para telem√≥veis e v√™m falar em apps para rel√≥gios e Google glass. #fb
"Estou desde as 7h30 a tentar aceder ao BPI Net e est√° em baixo (quer a app, quer no PC). Se for algum ataque, n√£o mexam no meu dinheiro, ok?"
"Whey HD da BPI, Conex√£o Fitness Store vendas pelo whatsapp 55(11)9.8648-9991 ou pelo site‚Ä¶"
@Famel_Zundapp Vou comprar mas √© do BPI
"Repost from @globalnpty via igrepost_app, BPI SPORTS ISO-HD 100% proteina hidrolizada y aislada‚Ä¶"